INSERT INTO alimentos (;,;);VALUES;(;;;;;;;
id_alimento;categoria;descricao;caloria;proteina;lipideo;carboidrato;fibra;sodio;;;
1;Cereais e derivados;Arroz, integral, cozido;123;2,6;1;25,8;2,7;1;';,;INSERT INTO alimentos (id_alimento,categoria,descricao,caloria,proteina,lipideo,carboidrato,fibra,sodio)VALUES('1','Cereais e derivados,'Arroz, integral, cozido','123'2,6','1,'25,8''2,7','1')
2;Cereais e derivados;Arroz, integral, cru;359;7,3;1,9;77,5;4,8;1;;;
3;Cereais e derivados;Arroz, tipo 1, cozido;128;2,5;0,2;28,1;1,6;1;;;
4;Cereais e derivados;Arroz, tipo 1, cru;357;7,2;0,3;78,8;1,6;1;;;
5;Cereais e derivados;Arroz, tipo 2, cozido;130;2,6;0,4;28,2;1,1;1;;;
6;Cereais e derivados;Arroz, tipo 2, cru;358;7,2;0,3;78,9;1,7;0;;;
7;Cereais e derivados;Aveia, flocos, crua;393;13,9;8,5;66,6;9,1;4;;;
8;Cereais e derivados;Biscoito, doce, maisena;442;8,1;12;75,2;2,1;352;;;
9;Cereais e derivados;Biscoito, doce, recheado com chocolate;471;6,4;19,6;70,5;3;239;;;
10;Cereais e derivados;Biscoito, doce, recheado com morango;471;5,7;19,6;71;1,5;229;;;
11;Cereais e derivados;Biscoito, doce, wafer, recheado de chocolate;502;5,6;24,7;67,5;1,8;137;;;
12;Cereais e derivados;Biscoito, doce, wafer, recheado de morango;513;4,5;26,4;67,4;0,8;119;;;
13;Cereais e derivados;Biscoito, salgado, cream cracker;431;10,1;14,4;68,7;2,5;854;;;
14;Cereais e derivados;Bolo, mistura para;418;6,2;6,1;84,7;1,7;462;;;
15;Cereais e derivados;Bolo, pronto, aipim;323;4,4;12,7;47,9;0,7;111;;;
16;Cereais e derivados;Bolo, pronto, chocolate;410;6,2;18,5;54,7;1,4;283;;;
17;Cereais e derivados;Bolo, pronto, coco;333;5,7;11,3;52,3;1,1;190;;;
18;Cereais e derivados;Bolo, pronto, milho;311;4,8;12,4;45,1;0,7;133;;;
19;Cereais e derivados;Canjica, branca, crua;357;7,2;1;78,1;5,5;0;;;
20;Cereais e derivados;Canjica, com leite integral;112;2,4;1,2;23,6;1,2;27;;;
21;Cereais e derivados;Cereais, milho, flocos, com sal;369;7,3;1,6;80,8;5,3;271;;;
22;Cereais e derivados;Cereais, milho, flocos, sem sal;363;6,9;1,2;80,4;1,8;30;;;
23;Cereais e derivados;Cereais, mingau, milho, infantil;394;6,4;1,1;87,3;3,2;399;;;
24;Cereais e derivados;Cereais, mistura para vitamina, trigo, cevada e aveia;381;8,9;2,1;81,6;5;1163;;;
25;Cereais e derivados;Cereal matinal, milho;365;7,2;1;83,8;4,1;654;;;
26;Cereais e derivados;Cereal matinal, milho, açúcar;376;4,7;0,7;88,8;2,1;405;;;
27;Cereais e derivados;Creme de arroz, pó;386;7;1,2;83,9;1,1;1;;;
28;Cereais e derivados;Creme de milho, pó;333;4,8;1,6;86,1;3,7;593;;;
29;Cereais e derivados;Curau, milho verde;78;2,4;1,6;13,9;0,5;20;;;
30;Cereais e derivados;Curau, milho verde, mistura para;402;2,2;13,4;79,8;2,5;222;;;
31;Cereais e derivados;Farinha, de arroz, enriquecida;363;1,3;0,3;85,5;0,6;17;;;
32;Cereais e derivados;Farinha, de centeio, integral;335;12,5;1,8;73,3;15,5;41;;;
33;Cereais e derivados;Farinha, de milho, amarela;350;7,2;1,5;79,1;5,5;44;;;
34;Cereais e derivados;Farinha, de rosca;370;11,4;1,5;75,8;4,8;332;;;
35;Cereais e derivados;Farinha, de trigo;360;9,8;1,4;75,1;2,3;0;;;
36;Cereais e derivados;Farinha, láctea, de cereais;414;11,9;5,8;77,8;1,9;125;;;
37;Cereais e derivados;Lasanha, massa fresca, cozida;163;5,8;1,2;32,5;1,6;206;;;
38;Cereais e derivados;Lasanha, massa fresca, crua;220;7;1,3;45,1;1,6;666;;;
39;Cereais e derivados;Macarrão, instantâneo;435;8,8;17,2;62,4;5,6;1515;;;
40;Cereais e derivados;Macarrão, trigo, cru;371;10;1,3;77,9;2,9;7;;;
41;Cereais e derivados;Macarrão, trigo, cru, com ovos;370;10,3;2;76,6;2,3;14;;;
42;Cereais e derivados;Milho, amido, cru;361;0,6;Tr;87,1;0,7;8;;;
43;Cereais e derivados;Milho, fubá, cru;353;7,2;1,9;78,9;4,7;Tr;;;
44;Cereais e derivados;Milho, verde, cru;138;6,6;0,6;28,6;3,9;1;;;
45;Cereais e derivados;Milho, verde, enlatado, drenado;97;3,2;2,4;17,1;4,6;260;;;
46;Cereais e derivados;Mingau tradicional, pó;373;0,6;0,4;89,3;0,9;14;;;
47;Cereais e derivados;Pamonha, barra para cozimento, pré-cozida;171;2,6;4,8;30,7;2,4;131;;;
48;Cereais e derivados;Pão, aveia, forma;343;12,3;5,7;59,6;6;605;;;
49;Cereais e derivados;Pão, de soja;308;11,3;3,6;56,5;5,7;662;;;
50;Cereais e derivados;Pão, glúten, forma;252;12;2,7;44,1;2,5;22;;;
51;Cereais e derivados;Pão, milho, forma;292;8,3;3,1;56,4;4,3;506;;;
52;Cereais e derivados;Pão, trigo, forma, integral;253;9,4;3,7;49,9;6,9;506;;;
53;Cereais e derivados;Pão, trigo, francês;299;8;3,1;58,6;2,3;647;;;
54;Cereais e derivados;Pão, trigo, sovado;310;8,4;2,8;61,5;2,4;430;;;
55;Cereais e derivados;Pastel, de carne, cru;288;10,7;8,8;42;1;1309;;;
56;Cereais e derivados;Pastel, de carne, frito;388;10,1;20,1;43,8;1;1039;;;
57;Cereais e derivados;Pastel, de queijo, cru;308;9,9;9,6;45,9;1,1;984;;;
58;Cereais e derivados;Pastel, de queijo, frito;422;8,7;22,7;48,1;0,9;821;;;
59;Cereais e derivados;Pastel, massa, crua;310;6,9;5,5;57,4;1,4;1344;;;
60;Cereais e derivados;Pastel, massa, frita;569;6;40,9;49,3;1,3;1174;;;
61;Cereais e derivados;Pipoca, com óleo de soja, sem sal;448;9,9;15,9;70,3;14,3;4;;;
62;Cereais e derivados;Polenta, pré-cozida;102;2,3;0,3;23,3;2,4;441;;;
63;Cereais e derivados;Torrada, pão francês;377;10,5;3,3;74,6;3,4;829;;;
64;Verduras;Abóbora, cabotian, cozida;48;1,4;0,7;10,8;2,5;1;;;
65;Verduras;Abóbora, cabotian, crua;38;1,7;0,5;8,4;2,2;Tr;;;
66;Verduras;Abóbora, menina brasileira, crua;13;0,6;Tr;3,3;1,2;Tr;;;
67;Verduras;Abóbora, moranga, crua;12;1;0,1;2,7;1,7;Tr;;;
68;Verduras;Abóbora, moranga, refogada;29;0,4;0,8;6;1,5;3;;;
69;Verduras;Abóbora, pescoço, crua;24;0,7;0,1;6,1;2,3;0;;;
70;Verduras;Abobrinha, italiana, cozida;15;1,1;0,2;3;1,6;0;;;
71;Verduras;Abobrinha, italiana, crua;19;1,1;0,1;4,3;1,4;Tr;;;
72;Verduras;Abobrinha, italiana, refogada;24;1,1;0,8;4,2;1,4;2;;;
73;Verduras;Abobrinha, paulista, crua;30;0,6;0,1;7,9;2,6;0;;;
74;Verduras;Acelga, crua;20;1,4;0,1;4,6;1,1;1;;;
75;Verduras;Agrião, cru;16;2,7;0,2;2,3;2,1;7;;;
76;Verduras;Aipo, cru;19;0,8;0,1;4,3;1;9;;;
77;Verduras;Alface, americana, crua;8;0,6;0,1;1,7;1;7;;;
78;Verduras;Alface, crespa, crua;10;1,3;0,2;1,7;1,8;3;;;
79;Verduras;Alface, lisa, crua;13;1,7;0,1;2,4;2,3;4;;;
80;Verduras;Alface, roxa, crua;12;0,9;0,2;2,5;2;7;;;
81;Verduras;Alfavaca, crua;29;2,7;0,5;5,2;4,1;4;;;
82;Verduras;Alho, cru;113;7;0,2;23,9;4,3;5;;;
83;Verduras;Alho-poró, cru;31;1,4;0,1;6,9;2,5;1;;;
84;Verduras;Almeirão, cru;18;1,8;0,2;3,3;2,6;2;;;
85;Verduras;Almeirão, refogado;65;1,7;4,8;5,7;3,4;14;;;
86;Verduras;Batata, baroa, cozida;80;0,9;0,2;18,9;1,8;2;;;
87;Verduras;Batata, baroa, crua;100;1;0,2;24;2,1;Tr;;;
88;Verduras;Batata, doce, cozida;76;0,6;0,1;18,4;2,2;2;;;
89;Verduras;Batata, doce, crua;118;1,3;0,1;28,2;2,6;8;;;
90;Verduras;Batata, frita, tipo chips, industrializada;542;5,6;36,6;51,2;2,5;607;;;
91;Verduras;Batata, inglesa, cozida;51;1,2;Tr;11,9;1,3;2;;;
92;Verduras;Batata, inglesa, crua;64;1,8;Tr;14,7;1,2;Tr;;;
93;Verduras;Batata, inglesa, frita;267;5;13,1;35,6;8,1;1;;;
94;Verduras;Batata, inglesa, sauté;67;1,3;0,9;14,1;1,4;8;;;
95;Verduras;Berinjela, cozida;18;0,7;0,1;4,5;2,5;1;;;
96;Verduras;Berinjela, crua;19;1,2;0,1;4,4;2,9;Tr;;;
97;Verduras;Beterraba, cozida;32;1,3;0,1;7,2;1,9;22;;;
98;Verduras;Beterraba, crua;48;1,9;0,1;11,1;3,4;9;;;
99;Verduras;Biscoito, polvilho doce;437;1,3;12,2;80,5;1,2;97;;;
100;Verduras;Brócolis, cozido;24;2,1;0,5;4,4;3,4;2;;;
101;Verduras;Brócolis, cru;25;3,6;0,3;4;2,9;3;;;
102;Verduras;Cará, cozido;77;1,5;0,1;18,9;2,6;1;;;
103;Verduras;Cará, cru;95;2,3;0,1;23;7,3;Tr;;;
104;Verduras;Caruru, cru;34;3,2;0,6;6;4,5;13;;;
105;Verduras;Catalonha, crua;23;1,9;0,3;4,8;2;9;;;
106;Verduras;Catalonha, refogada;63;1,9;4,8;4,8;3,6;24;;;
107;Verduras;Cebola, crua;39;1,7;0,1;8,9;2,2;0;;;
108;Verduras;Cebolinha, crua;19;1,9;0,3;3,4;3,5;1;;;
109;Verduras;Cenoura, cozida;29;0,8;0,2;6,7;2,6;7;;;
110;Verduras;Cenoura, crua;34;1,3;0,2;7,7;3,2;3;;;
111;Verduras;Chicória, crua;13;1,1;0,1;2,9;2,2;13;;;
112;Verduras;Chuchu, cozido;18;0,4;Tr;4,8;1;1;;;
113;Verduras;Chuchu, cru;16;0,7;0,1;4,1;1,3;Tr;;;
114;Verduras;Coentro, folhas desidratadas;309;20,9;10,4;48;37,3;18;;;
115;Verduras;Couve, manteiga, crua;27;2,9;0,5;4,3;3,1;6;;;
116;Verduras;Couve, manteiga, refogada ;90;1,7;6,6;8,7;5,7;11;;;
117;Verduras;Couve-flor, crua;22;1,9;0,2;4,5;2,4;3;;;
118;Verduras;Couve-flor, cozida;19;1,2;0,3;3,9;2,1;1;;;
119;Verduras;Espinafre, Nova Zelândia, cru;16;2;0,2;2,6;2,1;17;;;
120;Verduras;Espinafre, Nova Zelândia, refogado;67;2,7;5,4;4,2;2,5;47;;;
121;Verduras;Farinha, de mandioca, crua;360;1,6;0,3;87,9;6,4;1;;;
122;Verduras;Farinha, de mandioca, torrada;365;1,2;0,3;89,2;6,5;10;;;
123;Verduras;Farinha, de puba;360;1,6;0,5;87,3;4,2;3;;;
124;Verduras;Fécula, de mandioca;330;0,5;0,3;81,1;0,6;2;;;
125;Verduras;Feijão, broto, cru;38;4,2;0,1;7,8;2;1;;;
126;Verduras;Inhame, cru;96;2,1;0,2;23,2;1,7;Tr;;;
127;Verduras;Jiló, cru;27;1,4;0,2;6,2;4,8;Tr;;;
128;Verduras;Jurubeba, crua;125;4,4;3,9;23,1;23,9;0;;;
129;Verduras;Mandioca, cozida;125;0,6;0,3;30,1;1,6;0;;;
130;Verduras;Mandioca, crua;151;1,1;0,3;36,2;1,9;2;;;
131;Verduras;Mandioca, farofa, temperada;405;2,1;9,1;80,3;7,8;574;;;
132;Verduras;Mandioca, frita;300;1,4;11,2;50,3;1,9;8;;;
133;Verduras;Manjericão, cru;21;2;0,4;3,6;3,3;3;;;
134;Verduras;Maxixe, cru;13;1,4;0,1;2,7;2,2;10;;;
135;Verduras;Mostarda, folha, crua;18;2,1;0,2;3,2;1,9;2;;;
136;Verduras;Nhoque, batata, cozido;180;5,9;1,9;36,8;1,8;7;;;
137;Verduras;Nabo, cru;18;1,2;0,1;4,1;2,6;2;;;
138;Verduras;Palmito, juçara, em conserva;23;1,8;0,4;4,3;3,1;513;;;
139;Verduras;Palmito, pupunha, em conserva;29;2,5;0,5;5,5;2,5;562;;;
140;Verduras;Pão, de queijo, assado;363;5,1;24,6;34,2;0,6;773;;;
141;Verduras;Pão, de queijo, cru;294;3,6;14;38,5;1;404;;;
142;Verduras;Pepino, cru;9;0,9;Tr;2;1,1;Tr;;;
143;Verduras;Pimentão, amarelo, cru;27;1,2;0,4;6;1,9;Tr;;;
144;Verduras;Pimentão, verde, cru;21;1,1;0,1;4,9;2,6;Tr;;;
145;Verduras;Pimentão, vermelho, cru;23;1;0,1;5,5;1,6;Tr;;;
146;Verduras;Polvilho, doce;351;0,4;Tr;86,8;0,2;1;;;
147;Verduras;Quiabo, cru;29;1,9;0,3;6,4;4,6;0;;;
148;Verduras;Rabanete, cru;13;1,4;0,1;2,7;2,2;10;;;
149;Verduras;Repolho, branco, cru;17;0,9;0,1;3,9;1,9;3;;;
150;Verduras;Repolho, roxo, cru;30;1,9;0,1;7,2;2;2;;;
151;Verduras;Repolho, roxo, refogado;41;1,8;1,2;7,6;1,8;3;;;
152;Verduras;Rúcula, crua;13;1,8;0,1;2,2;1,7;9;;;
153;Verduras;Salsa, crua;33;3,3;0,6;5,7;1,9;2;;;
154;Verduras;Seleta de legumes, enlatada;56;3,4;0,4;12,7;3,1;398;;;
155;Verduras;Serralha, crua;30;2,7;0,7;4,9;3,5;19;;;
156;Verduras;Taioba, crua;34;2,9;0,9;5,4;4,5;1;;;
157;Verduras;Tomate, com semente, cru;15;1,1;0,2;3,1;1,2;1;;;
158;Verduras;Tomate, extrato;60;2,4;0,2;15;2,8;497;;;
159;Verduras;Tomate, molho industrializado;38;1,4;0,9;7,7;3,1;418;;;
160;Verduras;Tomate, purê;27;1,4;Tr;6,9;1;103;;;
161;Verduras;Tomate, salada;20;0,8;Tr;5,1;2,3;5;;;
162;Verduras;Vagem, crua;24;1,8;0,2;5,3;2,4;Tr;;;
163;Frutas e derivados;Abacate, cru;96;1,2;8,4;6;6,3;Tr;;;
164;Frutas e derivados;Abacaxi, cru;48;0,9;0,1;12,3;1;Tr;;;
165;Frutas e derivados;Abacaxi, polpa, congelada;30;0,5;0,1;7,8;0,3;1;;;
166;Frutas e derivados;Abiu, cru;62;0,8;0,7;14,9;1,7;Tr;;;
167;Frutas e derivados;Açaí, polpa, com xarope de guaraná e glucose;110;0,7;3,7;21,5;1,7;15;;;
168;Frutas e derivados;Açaí, polpa, congelada;58;0,8;3,9;6,2;2,6;5;;;
169;Frutas e derivados;Acerola, crua;33;0,9;0,2;8;1,5;Tr;;;
170;Frutas e derivados;Acerola, polpa, congelada;21;0,6;Tr;5,5;0,7;1;;;
171;Frutas e derivados;Ameixa, calda, enlatada ;182;0,4;Tr;46,9;0,5;2;;;
172;Frutas e derivados;Ameixa, crua;52;0,8;Tr;13,9;2,4;Tr;;;
173;Frutas e derivados;Ameixa, em calda, enlatada, drenada ;177;1;0,3;47,7;4,5;2;;;
174;Frutas e derivados;Atemóia, crua;96;1;0,3;25,3;2,1;0;;;
175;Frutas e derivados;Banana, da terra, crua;128;1,4;0,2;33,7;1,5;Tr;;;
176;Frutas e derivados;Banana, doce em barra;280;2,2;0,1;75,7;3,8;9;;;
177;Frutas e derivados;Banana, figo, crua;105;1,1;0,1;27,8;2,8;Tr;;;
178;Frutas e derivados;Banana, maçã, crua;86;1,8;0,1;22,3;2,6;Tr;;;
179;Frutas e derivados;Banana, nanica, crua;91;1,4;0,1;23,8;1,9;Tr;;;
180;Frutas e derivados;Banana, ouro, crua;112;1,5;0,2;29,3;2;Tr;;;
181;Frutas e derivados;Banana, pacova, crua;77;1,2;0,1;20,3;2;0;;;
182;Frutas e derivados;Banana, prata, crua;98;1,3;0,1;26;2;Tr;;;
183;Frutas e derivados;Cacau, cru;74;1;0,1;19,4;2,2;0;;;
184;Frutas e derivados;Cajá-Manga, cru;45;1,3;Tr;11,4;2,6;1;;;
185;Frutas e derivados;Cajá, polpa, congelada;26;0,6;0,2;6,4;1,4;6;;;
186;Frutas e derivados;Caju, cru;43;1;0,3;10,3;1,7;2;;;
187;Frutas e derivados;Caju, polpa, congelada;36;0,5;0,2;9,4;0,8;4;;;
188;Frutas e derivados;Caju, suco concentrado, envasado;45;0,4;0,2;10,7;0,6;45;;;
189;Frutas e derivados;Caqui, chocolate, cru;71;0,4;0,1;19,3;6,5;2;;;
190;Frutas e derivados;Carambola, crua;45;0,9;0,2;11,5;2;4;;;
191;Frutas e derivados;Ciriguela, crua;75;1,4;0,4;18,9;3,9;1;;;
192;Frutas e derivados;Cupuaçu, cru;49;1,2;1;10,4;3,1;3;;;
193;Frutas e derivados;Cupuaçu, polpa, congelada;48;0,8;0,6;11,4;1,6;0;;;
194;Frutas e derivados;Figo, cru;41;1;0,2;10,2;1,8;Tr;;;
195;Frutas e derivados;Figo, enlatado, em calda;184;0,6;0,1;50,3;2;6;;;
196;Frutas e derivados;Fruta-pão, crua;67;1,1;0,2;17,2;5,5;0;;;
197;Frutas e derivados;Goiaba, branca, com casca, crua;51;0,9;0,5;12,4;6,3;Tr;;;
198;Frutas e derivados;Goiaba, doce em pasta;268;0,6;0;74,1;3,7;3;;;
199;Frutas e derivados;Goiaba, doce, cascão;285;0,4;0,1;78,7;4,4;11;;;
200;Frutas e derivados;Goiaba, vermelha, com casca, crua;54;1,1;0,4;13;6,2;Tr;;;
201;Frutas e derivados;Graviola, crua;61;0,8;0,2;15,8;1,9;4;;;
202;Frutas e derivados;Graviola, polpa, congelada;38;0,6;0,1;9,8;1,2;3;;;
203;Frutas e derivados;Jabuticaba, crua;58;0,6;0,1;15,3;2,3;Tr;;;
204;Frutas e derivados;Jaca, crua;87;1,4;0,3;22,5;2,4;1;;;
205;Frutas e derivados;Jambo, cru;26;0,9;0,1;6,5;5,1;21;;;
206;Frutas e derivados;Jamelão, cru;41;0,5;0,1;10,6;1,8;1;;;
207;Frutas e derivados;Kiwi, cru;51;1,3;0,6;11,5;2,7;Tr;;;
208;Frutas e derivados;Laranja, baía, crua;45;1;0,1;11,5;1,1;Tr;;;
209;Frutas e derivados;Laranja, baía, suco;36;0,7;Tr;8,7;Tr;Tr;;;
210;Frutas e derivados;Laranja, da terra, crua;51;1,1;0,2;12,9;4;0;;;
211;Frutas e derivados;Laranja, da terra, suco;40;0,7;0,1;9,6;1;Tr;;;
212;Frutas e derivados;Laranja, lima, crua;45;1,1;0,1;11,5;1,8;1;;;
213;Frutas e derivados;Laranja, lima, suco;39;0,7;0,1;9,2;0,4;Tr;;;
214;Frutas e derivados;Laranja, pêra, crua;36;1;0,1;8,9;0,8;Tr;;;
215;Frutas e derivados;Laranja, pêra, suco;32;0,7;0,1;7,6;Tr;Tr;;;
216;Frutas e derivados;Laranja, valência, crua;46;0,8;0,2;11,7;1,7;0;;;
217;Frutas e derivados;Laranja, valência, suco;36;0,5;0,1;8,6;0,4;Tr;;;
218;Frutas e derivados;Limão, cravo, suco;14;0,3;Tr;5,2;Tr;Tr;;;
219;Frutas e derivados;Limão, galego, suco;22;0,6;0,1;7,3;Tr;Tr;;;
220;Frutas e derivados;Limão, tahiti, cru;31;0,9;0,1;11,1;1,2;1;;;
221;Frutas e derivados;Maçã, Argentina, com casca, crua;62;0,2;0,2;16,6;2;1;;;
222;Frutas e derivados;Maçã, Fuji, com casca, crua;55;0,3;Tr;15,2;1,3;Tr;;;
223;Frutas e derivados;Macaúba, crua;404;2,1;40,7;13,9;13,4;0;;;
224;Frutas e derivados; Mamão, doce em calda, drenado;195;0,2;0,1;54;1,3;2;;;
225;Frutas e derivados;Mamão, Formosa, cru;45;0,8;0,1;11,6;1,8;3;;;
226;Frutas e derivados;Mamão, Papaia, cru;40;0,5;0,1;10,4;1;1;;;
227;Frutas e derivados; Mamão verde, doce em calda, drenado;209;0,3;0,1;57,6;1,2;4;;;
228;Frutas e derivados;Manga, Haden, crua;63;0,4;0,3;16,7;1,6;0;;;
229;Frutas e derivados;Manga, Palmer, crua;72;0,4;0,2;19,4;1,6;1;;;
230;Frutas e derivados;Manga, polpa, congelada;48;0,4;0,2;12,5;1,1;6;;;
231;Frutas e derivados;Manga, Tommy Atkins, crua;50;0,9;0,2;12,8;2,1;Tr;;;
232;Frutas e derivados;Maracujá, cru;68;2;2,1;12,3;1,1;1;;;
233;Frutas e derivados;Maracujá, polpa, congelada;38;0,8;0,2;9,6;0,5;8;;;
234;Frutas e derivados;Maracujá, suco concentrado, envasado;41;0,8;0,2;9,6;0,4;21;;;
235;Frutas e derivados;Melancia, crua;32;0,9;Tr;8,1;0,1;Tr;;;
236;Frutas e derivados;Melão, cru;29;0,7;Tr;7,5;0,2;11;;;
237;Frutas e derivados;Mexerica, Murcote, crua;57;0,9;0,1;14,9;3,1;1;;;
238;Frutas e derivados;Mexerica, Rio, crua;36;0,7;0,1;9,3;2,7;1;;;
239;Frutas e derivados;Morango, cru;30;0,9;0,3;6,8;1,7;Tr;;;
240;Frutas e derivados;Nêspera, crua;42;0,3;Tr;11,5;3;Tr;;;
241;Frutas e derivados;Pequi, cru;204;2,3;18;13;19;Tr;;;
242;Frutas e derivados;Pêra, Park, crua;60;0,2;0,2;16,1;3;0;;;
243;Frutas e derivados;Pêra, Williams, crua;53;0,6;0,1;14;3;Tr;;;
244;Frutas e derivados;Pêssego, Aurora, cru;36;0,8;Tr;9,3;1,4;Tr;;;
245;Frutas e derivados;Pêssego, enlatado, em calda;63;0,7;Tr;16,9;1;3;;;
246;Frutas e derivados;Pinha, crua;88;1,5;0,3;22,4;3,4;1;;;
247;Frutas e derivados;Pitanga, crua;41;0,9;0,2;10,2;3,2;1;;;
248;Frutas e derivados;Pitanga, polpa, congelada;19;0,3;0,1;4,8;0,7;5;;;
249;Frutas e derivados;Romã, crua;55;0,4;Tr;15,1;0,4;0;;;
250;Frutas e derivados;Tamarindo, cru;275;3,2;0,5;72,5;6,4;0;;;
251;Frutas e derivados;Tangerina, Poncã, crua;37;0,8;0,1;9,6;0,9;Tr;;;
252;Frutas e derivados;Tangerina, Poncã, suco;36;0,5;Tr;8,8;Tr;Tr;;;
253;Frutas e derivados;Tucumã, cru;262;2,1;19,1;26,5;12,7;3;;;
254;Frutas e derivados;Umbu, cru;37;0,8;Tr;9,4;2;Tr;;;
255;Frutas e derivados;Umbu, polpa, congelada;33;0,5;0,1;8,8;1,3;5;;;
256;Frutas e derivados;Uva, Itália, crua;52;0,7;0,2;13,6;0,9;Tr;;;
257;Frutas e derivados;Uva, Rubi, crua;49;0,6;0,2;12,7;0,9;7;;;
258;Frutas e derivados;Uva, suco concentrado, envasado;57;Tr;Tr;14,7;0,2;9;;;
259;Gorduras e óleos;Azeite, de dendê;884;NA;100;NA;NA;;;;
260;Gorduras e óleos;Azeite, de oliva, extra virgem;884;NA;100;NA;NA;;;;
261;Gorduras e óleos;Manteiga, com sal;725;0,4;82,4;0,1;NA;578;;;
262;Gorduras e óleos;Manteiga, sem sal;757;0,4;86;0;NA;3;;;
263;Gorduras e óleos;Margarina, com óleo hidrogenado, com sal (65% de lipídeos);596;Tr;67,4;0;NA;894;;;
264;Gorduras e óleos;Margarina, com óleo hidrogenado, sem sal (80% de lipídeos);722;Tr;81,7;0;NA;77;;;
265;Gorduras e óleos;Margarina, com óleo interesterificado, com sal (65%de lipídeos);594;Tr;67,2;0;NA;560;;;
266;Gorduras e óleos;Margarina, com óleo interesterificado, sem sal (65% de lipídeos);593;Tr;67,1;0;NA;33;;;
267;Gorduras e óleos;Óleo, de babaçu;884;NA;100;NA;NA;;;;
268;Gorduras e óleos;Óleo, de canola;884;NA;100;NA;NA;;;;
269;Gorduras e óleos;Óleo, de girassol;884;NA;100;NA;NA;;;;
270;Gorduras e óleos;Óleo, de milho;884;NA;100;NA;NA;;;;
271;Gorduras e óleos;Óleo, de pequi;884;NA;100;NA;NA;;;;
272;Gorduras e óleos;Óleo, de soja;884;NA;100;NA;NA;;;;
273;Pescados e frutos do mar;Abadejo, filé, congelado, assado;111;23,5;1,2;0;NA;334;;;
274;Pescados e frutos do mar;Abadejo, filé, congelado,cozido;91;19,3;0,9;0;NA;189;;;
275;Pescados e frutos do mar;Abadejo, filé, congelado, cru;59;13,1;0,4;0;NA;78;;;
276;Pescados e frutos do mar;Abadejo, filé, congelado, grelhado;129;27,6;1,3;0;NA;305;;;
277;Pescados e frutos do mar;Atum, conserva em óleo;165;26,2;6;0;NA;362;;;
278;Pescados e frutos do mar;Atum, fresco, cru;117;25,7;0,9;0;NA;30;;;
279;Pescados e frutos do mar;Bacalhau, salgado, cru;135;29;1,3;0;NA;13585;;;
280;Pescados e frutos do mar;Bacalhau, salgado, refogado;139;24;3,6;1,2;*;1256;;;
281;Pescados e frutos do mar;Cação, posta, com farinha de trigo, frita;208;25;10;3,1;0,5;160;;;
282;Pescados e frutos do mar;Cação, posta, cozida;116;25,6;0,7;0;NA;114;;;
283;Pescados e frutos do mar;Cação, posta, crua;83;17,9;0,8;0;NA;176;;;
284;Pescados e frutos do mar;Camarão, Rio Grande, grande, cozido;90;19;1;0;NA;366;;;
285;Pescados e frutos do mar;Camarão, Rio Grande, grande, cru;47;10;0,5;0;NA;201;;;
286;Pescados e frutos do mar;Camarão, Sete Barbas, sem cabeça, com casca, frito;231;18,4;15,6;2,9;NA;99;;;
287;Pescados e frutos do mar;Caranguejo, cozido;82;18,5;0,4;0;NA;360;;;
288;Pescados e frutos do mar;Corimba, cru;128;17,4;6;0;NA;47;;;
289;Pescados e frutos do mar;Corimbatá, assado;261;19,9;19,6;0;NA;40;;;
290;Pescados e frutos do mar;Corimbatá, cozido;238;20,1;16,9;0;NA;37;;;
291;Pescados e frutos do mar;Corvina de água doce, crua;101;18,9;2,2;0;NA;45;;;
292;Pescados e frutos do mar;Corvina do mar, crua;94;18,6;1,6;0;NA;67;;;
293;Pescados e frutos do mar;Corvina grande, assada;146;26,8;3,6;0;NA;85;;;
294;Pescados e frutos do mar;Corvina grande, cozida;100;23,4;2,6;0;NA;68;;;
295;Pescados e frutos do mar;Dourada de água doce, fresca;131;18,8;5,6;0;NA;40;;;
296;Pescados e frutos do mar;Lambari, congelado, cru;130;16,8;6,5;0;NA;47;;;
297;Pescados e frutos do mar;Lambari, congelado, frito;326;28,4;22,8;0;NA;64;;;
298;Pescados e frutos do mar;Lambari, fresco, cru;151;15,7;9,4;0;NA;41;;;
299;Pescados e frutos do mar;Manjuba, com farinha de trigo, frita;343;23,4;22,6;10,2;0,4;36;;;
300;Pescados e frutos do mar;Manjuba, frita;349;30,1;24,5;0;NA;40;;;
301;Pescados e frutos do mar;Merluza, filé, assado;121;26,6;0,9;0;NA;119;;;
302;Pescados e frutos do mar;Merluza, filé, cru;89;16,6;2;0;NA;79;;;
303;Pescados e frutos do mar;Merluza, filé, frito;191;26,9;8,5;0;NA;89;;;
304;Pescados e frutos do mar;Pescada, branca, crua;110;16,3;4,6;0;NA;76;;;
305;Pescados e frutos do mar;Pescada, branca, frita;223;27,4;11,8;0;NA;107;;;
306;Pescados e frutos do mar;Pescada, filé, com farinha de trigo, frito;283;21,4;19,1;5;Tr;90;;;
307;Pescados e frutos do mar;Pescada, filé, cru;107;16,6;4;0;NA;77;;;
308;Pescados e frutos do mar;Pescada, filé, frito;154;28,6;3,6;0;NA;114;;;
309;Pescados e frutos do mar;Pescada, filé, molho escabeche;141;11,8;8;5;0,8;51;;;
310;Pescados e frutos do mar;Pescadinha, crua;76;15,5;1,1;0;NA;120;;;
311;Pescados e frutos do mar;Pintado, assado;191;36,5;4;0;NA;80;;;
312;Pescados e frutos do mar;Pintado, cru;91;18,6;1,3;0;NA;43;;;
313;Pescados e frutos do mar;Pintado, grelhado;152;30,8;2,3;0;NA;53;;;
314;Pescados e frutos do mar;Porquinho, cru;93;20,5;0,6;0;NA;66;;;
315;Pescados e frutos do mar;Salmão, filé, com pele, fresco,  grelhado;228;23,9;14;0;NA;85;;;
316;Pescados e frutos do mar;Salmão, sem pele, fresco, cru;169;19,3;9,7;0;NA;64;;;
317;Pescados e frutos do mar;Salmão, sem pele, fresco, grelhado;242;26,1;14,5;0;NA;95;;;
318;Pescados e frutos do mar;Sardinha, assada;164;32,2;3;0;NA;74;;;
319;Pescados e frutos do mar;Sardinha, conserva em óleo;284;15,9;24;0;NA;665;;;
320;Pescados e frutos do mar;Sardinha, frita;257;33,4;12,7;0;NA;60;;;
321;Pescados e frutos do mar;Sardinha, inteira, crua;113;21,1;2,6;0;NA;60;;;
322;Pescados e frutos do mar;Tucunaré, filé, congelado, cru;87;18;1,2;0;NA;56;;;
323;Carnes e derivados;Apresuntado;128;13,4;6,7;2,9;NA;942;;;
324;Carnes e derivados;Caldo de carne, tablete;240;7,8;16,6;15,1;0,6;22179;;;
325;Carnes e derivados;Caldo de galinha, tablete;251;6,3;20,4;10,6;11,8;22299;;;
326;Carnes e derivados;Carne, bovina, acém, moído, cozido;212;26,7;10,9;0;NA;52;;;
327;Carnes e derivados;Carne, bovina, acém, moído, cru;136;19,4;5,9;0;NA;48;;;
328;Carnes e derivados;Carne, bovina, acém, sem gordura, cozido;214;27,3;10,9;0;NA;56;;;
329;Carnes e derivados;Carne, bovina, acém, sem gordura, cru;144;20,8;6,1;0;NA;49;;;
330;Carnes e derivados;Carne, bovina, almôndegas, cruas;189;12,3;11,2;9,8;*;621;;;
331;Carnes e derivados;Carne, bovina, almôndegas, fritas;271;18,2;15,8;14,3;*;1030;;;
332;Carnes e derivados;Carne, bovina, bucho, cozido;133;21,6;4,5;0;NA;38;;;
333;Carnes e derivados;Carne, bovina, bucho, cru;137;20,5;5,5;0;NA;45;;;
334;Carnes e derivados;Carne, bovina, capa de contra-filé, com gordura, crua;216;19,2;15;0;NA;57;;;
335;Carnes e derivados;Carne, bovina, capa de contra-filé, com gordura, grelhada;311;30,7;20;0;NA;80;;;
336;Carnes e derivados;Carne, bovina, capa de contra-filé, sem gordura, crua;131;21,5;4,3;0;NA;79;;;
337;Carnes e derivados;Carne, bovina, capa de contra-filé, sem gordura, grelhada;239;35,1;9,9;0;NA;82;;;
338;Carnes e derivados;Carne, bovina, charque, cozido;262;36,4;11,9;0;NA;1442;;;
339;Carnes e derivados;Carne, bovina, charque, cru;248;22,7;16,8;0;NA;5875;;;
340;Carnes e derivados;Carne, bovina, contra-filé, à milanesa;351;20,6;24;12,2;0,4;77;;;
341;Carnes e derivados;Carne, bovina, contra-filé de costela, cru;202;19,8;13,1;0;NA;38;;;
342;Carnes e derivados;Carne, bovina, contra-filé de costela, grelhado;274;29,9;16,3;0;NA;50;;;
343;Carnes e derivados;Carne, bovina, contra-filé, com gordura, cru;205;21,1;12,8;0;NA;44;;;
344;Carnes e derivados;Carne, bovina, contra-filé, com gordura, grelhado;278;32,4;15,5;0;NA;57;;;
345;Carnes e derivados;Carne, bovina, contra-filé, sem gordura, cru;156;24;6;0;NA;52;;;
346;Carnes e derivados;Carne, bovina, contra-filé, sem gordura, grelhado;193;35,9;4,5;0;NA;57;;;
347;Carnes e derivados;Carne, bovina, costela, assada;373;28,8;27,7;0;NA;91;;;
348;Carnes e derivados;Carne, bovina, costela, crua;357;16,7;31,8;0;NA;69;;;
349;Carnes e derivados;Carne, bovina, coxão duro, sem gordura, cozido;216;31,9;8,9;0;NA;41;;;
350;Carnes e derivados;Carne, bovina, coxão duro, sem gordura, cru;147;21,5;6,2;0;NA;48;;;
351;Carnes e derivados;Carne, bovina, coxão mole, sem gordura, cozido;218;32,4;8,9;0;NA;43;;;
352;Carnes e derivados;Carne, bovina, coxão mole, sem gordura, cru;169;21,2;8,7;0;NA;60;;;
353;Carnes e derivados;Carne, bovina, cupim, assado;330;28,6;23;0;NA;71;;;
354;Carnes e derivados;Carne, bovina, cupim, cru;221;19,5;15,3;0;NA;46;;;
355;Carnes e derivados;Carne, bovina, fígado, cru;141;20,7;5,4;1,1;NA;75;;;
356;Carnes e derivados;Carne, bovina, fígado, grelhado;225;29,9;9;4,2;NA;82;;;
357;Carnes e derivados;Carne, bovina, filé mingnon, sem gordura, cru;142;21,6;5,6;0;NA;48;;;
358;Carnes e derivados;Carne, bovina, filé mingnon, sem gordura, grelhado;219;32,8;8,8;0;NA;57;;;
359;Carnes e derivados;Carne, bovina, flanco, sem gordura, cozido;195;29,4;7,8;0;NA;41;;;
360;Carnes e derivados;Carne, bovina, flanco, sem gordura, cru;141;20;6,2;0;NA;54;;;
361;Carnes e derivados;Carne, bovina, fraldinha, com gordura, cozida;338;24,2;26;0;NA;38;;;
362;Carnes e derivados;Carne, bovina, fraldinha, com gordura, crua;220;17,6;16,1;0;NA;51;;;
363;Carnes e derivados;Carne, bovina, lagarto, cozido;222;32,9;9,1;0;NA;47;;;
364;Carnes e derivados;Carne, bovina, lagarto, cru;134;20,5;5,2;0;NA;53;;;
365;Carnes e derivados;Carne, bovina, língua, cozida;314;21,4;24,8;0;NA;59;;;
366;Carnes e derivados;Carne, bovina, língua, crua;215;17,1;15,8;0;NA;73;;;
367;Carnes e derivados;Carne, bovina, maminha, crua;152;20,9;7;0;NA;37;;;
368;Carnes e derivados;Carne, bovina, maminha, grelhada;153;30,7;2,4;0;NA;58;;;
369;Carnes e derivados;Carne, bovina, miolo de alcatra, sem gordura, cru;162;21,6;7,8;0;NA;43;;;
370;Carnes e derivados;Carne, bovina, miolo de alcatra, sem gordura, grelhado;241;31,9;11,6;0;NA;51;;;
371;Carnes e derivados;Carne, bovina, músculo, sem gordura, cozido;193;31,2;6,7;0;NA;61;;;
372;Carnes e derivados;Carne, bovina, músculo, sem gordura, cru;141;21,6;5,5;0;NA;66;;;
373;Carnes e derivados;Carne, bovina, paleta, com gordura, crua;158;21,4;7,5;0;NA;64;;;
374;Carnes e derivados;Carne, bovina, paleta, sem gordura, cozida;193;29,7;7,4;0;NA;57;;;
375;Carnes e derivados;Carne, bovina, paleta, sem gordura, crua;140;21;5,7;0;NA;65;;;
376;Carnes e derivados;Carne, bovina, patinho, sem gordura, cru;133;21,7;4,5;0;NA;49;;;
377;Carnes e derivados;Carne, bovina, patinho, sem gordura, grelhado;219;35,9;7,3;0;NA;60;;;
378;Carnes e derivados;Carne, bovina, peito, sem gordura, cozido;338;22,2;27;0;NA;55;;;
379;Carnes e derivados;Carne, bovina, peito, sem gordura, cru;259;17,6;20,4;0;NA;63;;;
380;Carnes e derivados;Carne, bovina, picanha, com gordura, crua;212;18,8;14,7;0;NA;37;;;
381;Carnes e derivados;Carne, bovina, picanha, com gordura, grelhada;288;26,4;19,5;0;NA;60;;;
382;Carnes e derivados;Carne, bovina, picanha, sem gordura, crua;133;21,2;4,7;0;NA;61;;;
383;Carnes e derivados;Carne, bovina, picanha, sem gordura, grelhada;238;31,9;11,3;0;NA;60;;;
384;Carnes e derivados;Carne, bovina, seca, cozida;312;26,9;21,9;0;NA;1943;;;
385;Carnes e derivados;Carne, bovina, seca, crua;312;19,7;25,4;0;NA;4439;;;
386;Carnes e derivados;Coxinha de frango, frita;283;9,6;11,8;34,5;5;532;;;
387;Carnes e derivados;Croquete, de carne, cru;245;12;15,6;13,9;;710;;;
388;Carnes e derivados;Croquete, de carne, frito;346;16,9;22,7;18,1;;916;;;
389;Carnes e derivados;Empada de frango, pré-cozida, assada;358;6,9;15,6;47,5;2,2;524;;;
390;Carnes e derivados;Empada, de frango, pré-cozida;377;7,3;22,9;35,5;2,2;770;;;
391;Carnes e derivados;Frango, asa, com pele, crua;213;18,1;15,1;0;NA;96;;;
392;Carnes e derivados;Frango, caipira, inteiro, com pele, cozido;242;23,9;15,6;0;NA;56;;;
393;Carnes e derivados;Frango, caipira, inteiro, sem pele, cozido;195;29,6;7,7;0;NA;53;;;
394;Carnes e derivados;Frango, coração, cru;221;12,6;18,6;0;NA;95;;;
395;Carnes e derivados;Frango, coração, grelhado;207;22,4;12,1;0,6;NA;128;;;
396;Carnes e derivados;Frango, coxa, com pele, assada;215;28,5;10,4;0,1;NA;94;;;
397;Carnes e derivados;Frango, coxa, com pele, crua;161;17,1;9,8;0;NA;94;;;
398;Carnes e derivados;Frango, coxa, sem pele, cozida;167;26,9;5,8;0;NA;64;;;
399;Carnes e derivados;Frango, coxa, sem pele, crua;119;17,8;4,9;0;NA;98;;;
400;Carnes e derivados;Frango, fígado, cru;106;17,6;3,5;0;NA;82;;;
401;Carnes e derivados;Frango, filé, à milanesa;220;28,5;7,8;7,5;1,1;122;;;
402;Carnes e derivados;Frango, inteiro, com pele, cru;226;16,4;17,3;0;NA;62;;;
403;Carnes e derivados;Frango, inteiro, sem pele, assado;187;28;7,5;0;NA;70;;;
404;Carnes e derivados;Frango, inteiro, sem pele, cozido;170;25;7,1;0;NA;50;;;
405;Carnes e derivados;Frango, inteiro, sem pele, cru;129;20,6;4,6;0;NA;72;;;
406;Carnes e derivados;Frango, peito, com pele, assado;211;33,4;7,6;0;NA;55;;;
407;Carnes e derivados;Frango, peito, com pele, cru;149;20,8;6,7;0;NA;62;;;
408;Carnes e derivados;Frango, peito, sem pele, cozido;162;31,5;3,2;0;NA;36;;;
409;Carnes e derivados;Frango, peito, sem pele, cru;119;21,5;3;0;NA;56;;;
410;Carnes e derivados;Frango, peito, sem pele, grelhado;159;32;2,5;0;NA;50;;;
411;Carnes e derivados;Frango, sobrecoxa, com pele, assada;259;28,7;15,2;0;NA;95;;;
412;Carnes e derivados;Frango, sobrecoxa, com pele, crua;254;15,5;20,9;0;NA;68;;;
413;Carnes e derivados;Frango, sobrecoxa, sem pele, assada;232;29,2;12;0;NA;106;;;
414;Carnes e derivados;Frango, sobrecoxa, sem pele, crua;161;17,6;9,6;0;NA;79;;;
415;Carnes e derivados;Hambúrguer, bovino, cru;214;13,2;16,2;4,2;*;869;;;
416;Carnes e derivados;Hambúrguer, bovino, frito;258;20;17;6,3;*;1251;;;
417;Carnes e derivados;Hambúrguer, bovino, grelhado;209;13,2;12,4;11,3;*;1090;;;
418;Carnes e derivados;Lingüiça, frango, crua;218;14,2;17,4;0;NA;1125;;;
419;Carnes e derivados;Lingüiça, frango, frita;245;18,3;18,5;0;NA;1373;;;
420;Carnes e derivados;Lingüiça, frango, grelhada;243;18,2;18,4;0;NA;1351;;;
421;Carnes e derivados;Lingüiça, porco, crua;227;16,1;17,6;0;NA;1175;;;
422;Carnes e derivados;Lingüiça, porco, frita;279;20,5;21,3;0;NA;1431;;;
423;Carnes e derivados;Lingüiça, porco, grelhada;296;23,2;21,9;0;NA;1455;;;
424;Carnes e derivados;Mortadela;268;12;21,6;5,8;NA;1212;;;
425;Carnes e derivados;Peru, congelado, assado;163;26,2;5,7;0;NA;627;;;
426;Carnes e derivados;Peru, congelado, cru;93;18,1;1,8;0;NA;710;;;
427;Carnes e derivados;Porco, bisteca, crua;164;21,5;8;0;NA;54;;;
428;Carnes e derivados;Porco, bisteca, frita;311;33,7;18,5;0;NA;63;;;
429;Carnes e derivados;Porco, bisteca, grelhada;280;28,9;17,4;0;NA;51;;;
430;Carnes e derivados;Porco, costela, assada;402;30,2;30,3;0;NA;62;;;
431;Carnes e derivados;Porco, costela, crua;255;18;19,8;0;NA;87;;;
432;Carnes e derivados;Porco, lombo, assado;210;35,7;6,4;0;NA;38;;;
433;Carnes e derivados;Porco, lombo, cru;175;22,6;8,8;0;NA;53;;;
434;Carnes e derivados;Porco, orelha, salgada, crua;258;18,5;19,9;0;NA;615;;;
435;Carnes e derivados;Porco, pernil, assado;262;32,1;13,9;0;NA;62;;;
436;Carnes e derivados;Porco, pernil, cru;186;20,1;11,1;0;NA;101;;;
437;Carnes e derivados;Porco, rabo, salgado, cru;377;15,6;34,5;0;NA;1157;;;
438;Carnes e derivados;Presunto, com capa de gordura;127;14,4;6,8;1,4;NA;1020;;;
439;Carnes e derivados;Presunto, sem capa de gordura;93;14,3;2,7;2,1;NA;1039;;;
440;Carnes e derivados;Quibe, assado;136;14,6;2,7;12,9;1,9;39;;;
441;Carnes e derivados;Quibe, cru;109;12,4;1,7;10,8;1,6;38;;;
442;Carnes e derivados;Quibe, frito;253;14,9;15,8;12,3;;835;;;
443;Carnes e derivados;Salame;397;25,8;30,6;2,9;NA;1574;;;
444;Carnes e derivados;Toucinho, cru;592;11,5;60,3;0;NA;49;;;
445;Carnes e derivados;Toucinho, frito;696;27,3;64,3;0;NA;124;;;
446;Leite e derivados;Bebida láctea, pêssego;55;2,1;1,9;7,6;0,3;46;;;
447;Leite e derivados;Creme de Leite;221;1,5;22,5;4,5;NA;51;;;
448;Leite e derivados;Iogurte, natural;51;4,1;3;1,9;NA;51;;;
449;Leite e derivados;Iogurte, natural, desnatado;41;3,8;0,3;5,8;NA;59;;;
450;Leite e derivados;Iogurte, sabor abacaxi;*;*;*;*;*;*;;;
451;Leite e derivados;Iogurte, sabor morango;69;2,7;2,3;9,7;0,2;37;;;
452;Leite e derivados;Iogurte, sabor pêssego;67;2,5;2,3;9,4;0,7;36;;;
453;Leite e derivados;Leite, condensado;312;7,7;6,7;57;NA;93;;;
454;Leite e derivados;Leite, de cabra;66;3,1;3,8;5,2;NA;73;;;
455;Leite e derivados;Leite, de vaca, achocolatado;82;2,1;2,2;14,2;0,6;71;;;
456;Leite e derivados;Leite, de vaca, desnatado, pó;361;34,7;0,9;53;NA;431;;;
457;Leite e derivados;Leite, de vaca, desnatado, UHT;*;*;*;*;NA;51;;;
458;Leite e derivados;Leite, de vaca, integral;*;*;*;*;NA;63;;;
459;Leite e derivados;Leite, de vaca, integral, pó;496;25,4;26,9;39,2;NA;323;;;
460;Leite e derivados;Leite, fermentado;69;1,9;0,1;15,7;NA;33;;;
461;Leite e derivados;Queijo, minas, frescal;264;17,4;20,2;3,2;NA;31;;;
462;Leite e derivados;Queijo, minas, meia cura;320;21,2;24,6;3,6;NA;501;;;
463;Leite e derivados;Queijo, mozarela;329;22,6;25,2;3;NA;581;;;
464;Leite e derivados;Queijo, parmesão;452;35,6;33,5;1,7;NA;1844;;;
465;Leite e derivados;Queijo, pasteurizado;303;9,4;27,4;5,7;NA;780;;;
466;Leite e derivados;Queijo, petit suisse, morango;121;5,8;2,8;18,5;NA;412;;;
467;Leite e derivados;Queijo, prato;359;22,7;29,1;1,9;NA;579;;;
468;Leite e derivados;Queijo, requeijão, cremoso;256;9,6;23,4;2,4;NA;557;;;
469;Leite e derivados;Queijo, ricota;139;12,6;8,1;3,8;NA;282;;;
470;Bebidas (alcoólicas e não alcoólicas);Bebida isotônica, sabores variados;25;0;0;6,4;NA;44;;;
471;Bebidas (alcoólicas e não alcoólicas);Café, infusão 10%;9;0,7;0,1;1,5;NA;1;;;
472;Bebidas (alcoólicas e não alcoólicas);Cana, aguardente 1;215;;;;NA;3;;;
473;Bebidas (alcoólicas e não alcoólicas);Cana, caldo de;65;Tr;Tr;18,2;0,1;Tr;;;
474;Bebidas (alcoólicas e não alcoólicas);Cerveja, pilsen 2;40;0,6;Tr;3,3;NA;4;;;
475;Bebidas (alcoólicas e não alcoólicas);Chá, erva-doce, infusão 5%;1;0;0;0,4;NA;0;;;
476;Bebidas (alcoólicas e não alcoólicas);Chá, mate, infusão 5%;2;0;0,1;0,6;NA;Tr;;;
477;Bebidas (alcoólicas e não alcoólicas);Chá, preto, infusão 5%;2;0;0;0,6;NA;Tr;;;
478;Bebidas (alcoólicas e não alcoólicas);Coco, água de;21;0;0;5,3;0,1;1;;;
479;Bebidas (alcoólicas e não alcoólicas);Refrigerante, tipo água tônica;30;0;0;8;NA;8;;;
480;Bebidas (alcoólicas e não alcoólicas);Refrigerante, tipo cola;33;0;0;8,7;NA;7;;;
481;Bebidas (alcoólicas e não alcoólicas);Refrigerante, tipo guaraná;38;0;0;10;NA;9;;;
482;Bebidas (alcoólicas e não alcoólicas);Refrigerante, tipo laranja;45;0;0;11,8;NA;9;;;
483;Bebidas (alcoólicas e não alcoólicas);Refrigerante, tipo limão;39;0;0;10,3;NA;8;;;
484;Ovos e derivados;Omelete, de queijo;268;15,6;22;0,4;NA;216;;;
485;Ovos e derivados;Ovo, de codorna, inteiro, cru;176;13,7;12,7;0,8;NA;128;;;
486;Ovos e derivados;Ovo, de galinha, clara, cozida/10minutos;59;13,4;0,1;0;NA;180;;;
487;Ovos e derivados;Ovo, de galinha, gema, cozida/10minutos;352;15,9;30,8;1,6;NA;44;;;
488;Ovos e derivados;Ovo, de galinha, inteiro, cozido/10minutos;145;13,3;9,5;0,6;NA;145;;;
489;Ovos e derivados;Ovo, de galinha, inteiro, cru;143;13;8,9;1,6;NA;167;;;
490;Ovos e derivados;Ovo, de galinha, inteiro, frito;240;15,6;18,6;1,2;NA;166;;;
491;Produtos açucarados;Achocolatado, pó;401;4,2;2,2;91,2;3,9;64;;;
492;Produtos açucarados;Açúcar, cristal;386;0,3;Tr;99,6;NA;Tr;;;
493;Produtos açucarados;Açúcar, mascavo;368;0,8;0,1;94,5;NA;25;;;
494;Produtos açucarados;Açúcar, refinado;386;0,3;Tr;99,5;NA;12;;;
495;Produtos açucarados;Chocolate, ao leite;539;7,2;30,3;59,6;2,2;77;;;
496;Produtos açucarados;Chocolate, ao leite, com castanha do Pará;558;7,4;34,2;55,4;2,5;64;;;
497;Produtos açucarados;Chocolate, ao leite, dietético;556;6,9;33,8;56,3;2,8;84;;;
498;Produtos açucarados;Chocolate, meio amargo;474;4,9;29,9;62,4;4,9;8;;;
499;Produtos açucarados;Cocada branca;448;1,1;13,6;81,4;3,6;28;;;
500;Produtos açucarados;Doce, de abóbora, cremoso;198;0,9;0,2;54,6;2,3;Tr;;;
501;Produtos açucarados;Doce, de leite, cremoso;306;5,5;6;59,5;NA;120;;;
502;Produtos açucarados;Geléia, mocotó, natural;106;2,1;0,1;24,2;NA;42;;;
503;Produtos açucarados;Glicose de milho;292;0;0;79,4;NA;58;;;
504;Produtos açucarados;Maria mole;301;3,8;0,2;73,6;0,7;15;;;
505;Produtos açucarados;Maria mole, coco queimado;306;3,9;0,1;75,1;0,6;14;;;
506;Produtos açucarados;Marmelada;257;0,4;0,1;70,8;4,1;10;;;
507;Produtos açucarados;Mel, de abelha;309;0;0;84;NA;6;;;
508;Produtos açucarados;Melado;296;0;0;76,6;NA;4;;;
509;Produtos açucarados;Quindim;411;4,7;24,4;46,3;3,2;27;;;
510;Produtos açucarados;Rapadura;351;1;0,1;90,8;NA;21;;;
511;Miscelâneas;Café, pó, torrado;418;14,7;11,9;65,8;51,2;1;;;
512;Miscelâneas;Capuccino, pó;417;11,3;8,6;73,6;2,4;382;;;
513;Miscelâneas;Fermento em pó, químico;89;0,5;0,1;43,9;NA;10052;;;
514;Miscelâneas;Fermento, biológico, levedura, tablete;89;17;1,5;7,7;4,2;39;;;
515;Miscelâneas;Gelatina, sabores variados, pó;380;8,9;Tr;89,2;NA;234;;;
516;Miscelâneas;Sal, dietético;NA;NA;NA;NA;NA;23431;;;
517;Miscelâneas;Sal, grosso;NA;NA;NA;NA;NA;39943;;;
518;Miscelâneas;Shoyu;60;3,3;0,3;11,6;NA;5024;;;
519;Miscelâneas;Tempero a base de sal;21;2,7;0,3;2,1;0,6;32560;;;
520;Outros alimentos industrializados;Azeitona, preta, conserva;194;1,2;20,3;5,5;4,6;1566;;;
521;Outros alimentos industrializados;Azeitona, verde, conserva;136;0,9;14,2;4,1;3,8;1347;;;
522;Outros alimentos industrializados;Chantilly, spray, com gordura vegetal;314;0,5;27,3;16,9;NA;109;;;
523;Outros alimentos industrializados;Leite, de coco;166;1;18,4;2,2;0,7;44;;;
524;Outros alimentos industrializados;Maionese, tradicional com ovos;302;0,6;30,5;7,9;NA;786;;;
525;Alimentos preparados;Acarajé;289;8,3;19,9;19,1;9,4;304;;;
526;Alimentos preparados;Arroz carreteiro;153;10,8;7,1;11,6;1,5;1621;;;
527;Alimentos preparados;Baião de dois, arroz e feijão-de-corda;135;6,2;3,2;20,4;5,1;93;;;
528;Alimentos preparados;Barreado;164;18,3;9,5;0,2;0,1;47;;;
529;Alimentos preparados;Bife à cavalo, com contra filé;291;23,7;21,1;0;NA;82;;;
530;Alimentos preparados;Bolinho de arroz;273;8;8,3;41,7;2,7;58;;;
531;Alimentos preparados;Camarão à baiana;100;7,9;6;3,2;0,4;84;;;
532;Alimentos preparados;Charuto, de repolho;78;6,8;1,1;10,1;1,5;12;;;
533;Alimentos preparados;Cuscuz, de milho, cozido com sal;113;2,2;0,7;25,3;2,1;247;;;
534;Alimentos preparados;Cuscuz, paulista;142;2,6;4,6;22,5;2,4;235;;;
535;Alimentos preparados;Cuxá, molho;80;5,6;3,6;5,7;3;1344;;;
536;Alimentos preparados;Dobradinha;124;19,8;4,4;0;NA;28;;;
537;Alimentos preparados;Estrogonofe de carne;173;15;10,8;3;;122;;;
538;Alimentos preparados;Estrogonofe de frango;156;17,6;8;2,6;;99;;;
539;Alimentos preparados;Feijão tropeiro mineiro;151;10,2;6,8;19,6;3,6;365;;;
540;Alimentos preparados;L;116;8,7;6,5;11,6;5,1;278;;;
541;Alimentos preparados;Frango, com açafrão;112;9,7;6,2;4,1;0,2;28;;;
542;Alimentos preparados;Macarrão, molho bolognesa;119;4,9;0,9;22,5;0,8;8;;;
543;Alimentos preparados;Maniçoba;134;10;8,7;3,4;2,2;406;;;
544;Alimentos preparados;Quibebe;86;8,6;2,7;6,6;1,7;246;;;
545;Alimentos preparados;Salada, de legumes, com maionese;96;1,1;7;8,9;2,2;228;;;
546;Alimentos preparados;Salada, de legumes, cozida no vapor;35;2;0,3;7,1;2,5;2;;;
547;Alimentos preparados;Salpicão, de frango;147;13,9;7,8;4,6;0,4;248;;;
548;Alimentos preparados;Sarapatel;122;18,5;4,4;1,1;;215;;;
549;Alimentos preparados;Tabule;57;2;1,2;10,6;2,1;1;;;
550;Alimentos preparados;Tacacá;46;7;0,4;3,4;0,2;1349;;;
551;Alimentos preparados;Tapioca, com manteiga;347;0,1;10,9;63,6;Tr;157;;;
552;Alimentos preparados;Tucupi, com pimenta-de-cheiro;27;2,1;0,3;4,7;0,2;5;;;
553;Alimentos preparados;Vaca atolada;144;5,1;9,3;10,1;2,3;25;;;
554;Alimentos preparados;Vatapá;254;6;23,2;9,7;1,7;879;;;
555;Alimentos preparados;Virado à paulista;306;10,2;25,6;14,1;2,2;345;;;
556;Alimentos preparados;Yakisoba;112;7,5;2,6;18,3;1,1;793;;;
557;Leguminosas e derivados;Amendoim, grão, cru;544;27,2;43,9;20,3;8;Tr;;;
558;Leguminosas e derivados;Amendoim, torrado, salgado;605;22,5;54;18,7;7,8;375;;;
559;Leguminosas e derivados;Ervilha, em vagem;88;7,5;0,5;14,2;9,7;Tr;;;
560;Leguminosas e derivados;Ervilha, enlatada, drenada;73;4,6;0,4;13,4;5,1;372;;;
561;Leguminosas e derivados;Feijão, carioca, cozido;76;4,8;0,5;13,6;8,5;1;;;
562;Leguminosas e derivados;Feijão, carioca, cru;329;20;1,3;61,2;18,4;Tr;;;
563;Leguminosas e derivados;Feijão, fradinho, cozido;78;5,1;0,6;13,5;7,5;0;;;
564;Leguminosas e derivados;Feijão, fradinho, cru;339;20,2;2,4;61,2;23,6;10;;;
565;Leguminosas e derivados;Feijão, jalo, cozido;92;6,1;0,5;16,5;13,9;0;;;
566;Leguminosas e derivados;Feijão, jalo, cru;327;20,1;0,9;61,5;30,3;24;;;
567;Leguminosas e derivados;Feijão, preto, cozido;77;4,5;0,5;14;8,4;1;;;
568;Leguminosas e derivados;Feijão, preto, cru;323;21,3;1,2;58,8;21,8;Tr;;;
569;Leguminosas e derivados;Feijão, rajado, cozido;84;5,5;0,4;15,3;9,3;0;;;
570;Leguminosas e derivados;Feijão, rajado, cru;325;17,3;1,2;62,9;24;13;;;
571;Leguminosas e derivados;Feijão, rosinha, cozido;67;4,5;0,5;11,8;4,8;2;;;
572;Leguminosas e derivados;Feijão, rosinha, cru;336;20,9;1,3;62,2;20,6;24;;;
573;Leguminosas e derivados;Feijão, roxo, cozido;76;5,7;0,5;12,9;11,5;1;;;
574;Leguminosas e derivados;Feijão, roxo, cru;331;22,2;1,2;60;33,8;9;;;
575;Leguminosas e derivados;Grão-de-bico, cru;354;21,2;5,4;57,9;12,4;5;;;
576;Leguminosas e derivados;Guandu, cru;344;19;2,1;64;21,3;1;;;
577;Leguminosas e derivados;Lentilha, cozida;92;6,3;0,5;16,3;7,9;1;;;
578;Leguminosas e derivados;Lentilha, crua;339;23,2;0,8;62;16,9;Tr;;;
579;Leguminosas e derivados;Paçoca, amendoim;486;16;26,1;52,4;7,3;166;;;
580;Leguminosas e derivados;Pé-de-moleque, amendoim;503;13,2;28;54,7;3,4;16;;;
581;Leguminosas e derivados;Soja, farinha;403;36;14,6;38,4;20,2;5;;;
582;Leguminosas e derivados;Soja, extrato solúvel, natural, fluido;39;2,4;1,6;4,3;0,4;56;;;
583;Leguminosas e derivados;Soja, extrato solúvel, pó;458;35,7;26,2;28,5;7,3;83;;;
584;Leguminosas e derivados;Soja, queijo (tofu);64;6,6;4;2,1;0,8;1;;;
585;Leguminosas e derivados;Tremoço, cru;381;33,6;10,3;43,8;32,3;3;;;
586;Leguminosas e derivados;Tremoço, em conserva;120;11,1;3,8;12,4;14,4;1808;;;
587;Nozes e sementes;Amêndoa, torrada, salgada;580;18,6;47,3;29,5;11,6;278;;;
588;Nozes e sementes;Castanha-de-caju, torrada, salgada;570;18,5;46,3;29,1;3,7;125;;;
589;Nozes e sementes;Castanha-do-Brasil, crua;642;14,5;63,5;15,1;7,9;0;;;
590;Nozes e sementes;Coco, cru;406;3,7;42;10,4;5,4;15;;;
591;Nozes e sementes;Coco,  verde, cru;*;*;*;*;*;*;;;
592;Nozes e sementes;Farinha, de mesocarpo de babaçu, crua;328;1,4;0,2;79,2;17,9;12;;;
593;Nozes e sementes;Gergelim, semente;583;21,2;50,4;21,6;11,9;2;;;
594;Nozes e sementes;Linhaça, semente;495;14,1;32,3;43,3;33,5;8;;;
595;Nozes e sementes;Pinhão, cozido;174;3;0,7;43,9;15,6;0;;;
596;Nozes e sementes;Pupunha, cozida;218;2,5;12,8;29,6;4,3;0;;;
597;Nozes e sementes;Noz, crua;620;14;59,4;18,4;7,2;4;;;
